English Term,English Definition,IsiZulu Term,isiZulu Definition;
a-,,isiqalo sokuphika,;
ab-,,isiqalo esikhomba ukususa,;
abdomen,,inxasisu,;
abducent,,isiyaleliso/isiyalelihlo,;
aberrant,,isici,;
acetabulum,,isikhoxothebe (isikhoxo esisethebeni),;
achalasia,,ukungasebenzi kukavulavale,;
acinus,,ihlukuzo ,;
acoustic,,okuphathelene nokuzwa/okuphathelene nomsindo,;
acromion,,isicongo sehlombe ,;
ad-,,isiqalo esikhomba ukusondeza,;
adenoid,,indlala i-adenoyidi,;
adipose,,amatebhe/amanoni,;
aditus,,imbobo/ intuba,;
adrenal,,indlalanso,;
afferent,,isihambisi,;
ala,,okusaphiko ,;
alaeque ,,kanye; na-,
albicans,,umbala omhlophe ,;
albuginea,,okumhlophe,;
albicans,,okubamhlophe,;
algia,,isijobelelo esisho ubuhlungu ,;
allantois,, ithumbumbungwana,;
alveolus,,umgejana/umgojana,;
alveus,,umgede/umgodi,;
ambi-,,isiphongozo esisho macala womabili/ ndawozombili,;
ambiguus,,okumqondomningi/okumiqondomibili,;
ameloblast,,1. isingazinyo. 2. isandulelazinyo,;
amnion,,isembatho sombungu/ umhlapho,;
ampulla,,ukunwebeka okuwumpotsholo,;
amygdaloid,,okumise okwe-almondi,;
amylacea,,okuyisitashi,;
ana-,,isiqalo esisho ukucaza/ukwehlukanisa,;
anaesthesia,,ukubandikindiki/ukulaliswa kwemizwa,;
analogous,,okuhlobene/okuhambisanayo ,;
anastomosis,,inhlanganamithambo/inxumanamithambo,;
anatomy,,ukwehlukanisa  umumozinto wokuphilayo ,;
anconeus,,isicubundololwane/ i-anikhoniyasi,;
angina,,izinhlungunhliziyo esifubeni,;
annulus,,okusandilinga,;
ansa,,okusasibambo/okusankintsho,;
anserinus,, ihansi,;
ante-,,isiphongozo sokuqalisayo,;
anti,,isiphongozo sokungavumelani/sokungahambisani,;
antrum,,umhume/ingoxi,;
anus,,umdidi/ingquza/indunu,;
aorta,,umthambo omkhulu wenhliziyo,;
aponeurosis,,umsipha oyisicaba,;
appendage,,ixhumela ,;
appendix,,okuphumile/okuqhoshile,;
apposition,,okusondelene/okuthintene/okuhlangene/okuxhumene,;
aqueduct,,umgudu wamanzi,;
arachnoid,,okusalwembu ,;
archaeocerebellum,,ubuchopho obuncane bakudala,;
archaeopallium,,isembatho sobuchopho sakudala,;
arcuate,,okugobileyo/okuyikhothamo,;
arcus,,ikhothamo/igobela,;
areola,, ibalanzungezo,;
arrector,,isisusahlevane,;
artery,,umthambo,;
articulation,,ilunga/ijoyinti ,;
 - ary,,isijobelelo esisho okuphathelene/okumayelana ,;
arytenoid,,okusankezo,;
asterion,,okusankanyezi,;
ataxia,,1. okungazinzile  2. okungahlelekile,;
atlas,,isehlulampisi /isikhonkosi,;
atory,,isijobelelo esisho okuyimbangela,;
atresia,,ukuncipha komgudu,;
atrium,,indawo esekungeneni,;
auditory,,okuphathelene nokuzwa,;
auricle,,1. igwagwa lendlebe 2. okumise okwendlebe,;
auscultation,,ukulalela ngezipopolo,;
autonomic,,ukuzimela/okungancikile,;
avis,,inyoni,;
axilla,,ikhwapha,;
axon,,ingxenye yomuzwa,;
azygos,,okuhlukene/okunhlakanhlaka,;
basilica,,1. okubalulekile  2. okumqoka,;
biceps,,izinkonyane,;
bifurcate,,okumbaxambili,;
blast,,isijobelelo esiphathelene nokuqhuma kwembewu,;
blastocyst,,ihlule,;
brachium,,ingalo/umkhono,;
branchial,,isiphefumulinhlanzi,;
bregma,,inhlanganagebhezi ,;
brevis,, okufishane,;
bronchus,,uqhoqhoqhwana/ ibhronkasi,;
buccal,,isihlathi,;
buccinator,,umsipha wesihlathi wokufutha,;
bulbi,,okusandilinga,;
bulla,,ipamuza,;
bursa,,okusasikhwama,;
caecum,,isiqalo sikapopopo,;
caeruleus,,okusasibhakabhaka,;
calcaneus,,isithende/ithambo lesithende,;
calcar,,iqhubu,;
calcarine,,okusaqhubu,;
callosum,,okuwugqinsi ,;
calyx,,okusankomishi,;
canaliculus,,umgudwana,;
canine,,izinyo lenja,;
canthus,,isihoxo sehlo,;
capitate,,okusakhanda,;
capitis,,okusukela ekhanda,;
capitulum,,ikhanjana,;
caput medusae,,izimpawusifo ezisasicabucabu,;
cardiac,,okuphathelene nenhliziyo,;
cardinal,,okukhulu,;
carina,,umbundukuhlukana womgudu womoya,;
carneae,,izicubu zenhliziyo,;
carnosus,,okusasicutshana,;
carotid,,umthambo  omkhulu wentamo,;
carpus,,isihlakala,;
cartilage,,uqwanga,;
caruncle,,isicutshana ,;
catheter,,ikhathetha,;
cauda,,umsila,;
cava,,umgudu,;
cavernosum,,isicubumgudu esinezimbobo,;
celiac, coeliac,,isisu,;
celom, coelom,,igobongo  lesisu,;
centrum,,ilunga lomgogodla,;
cephalic,,okuphathelene nekhanda ,;
cerebellum,,ubuchoshana,;
cerebrum,,ubuchopho ,;
ceruminous,,isigonogono,;
cervix,,intamo yesibeletho,;
chiasma,,impambanamizwa yokubona,;
choana,,ifanela,;
chondro-,,okoqwanga,;
chorda,,isithwalamizwa,;
choroid,,untwentwesi olunemithambo yegazi ,;
chromaffin,,ubuhlobo bemibala ,;
chromatin,,isiqa mbala,;
chili,,uketshezi olusalubisi ,;
ciliary,,izinkophe,;
ciliated,,okunezinkophe,;
cenereum,,umbala osamlotha,;
cingulum,, imizwa ezungelezile,;
circumflex,,ijikelanxazonke,;
cisterna,,isiqukathiluketshezi,;
clast,,isijobelelo esisho ukuqoba/ukunqamula,;
claustrum,,umngcele,;
clavicle,,inqwababa,;
cliniod,,uthambonxande,;
clitoris,,umsunu ,;
clivus,,unomgingqilizana ,;
cloaca,,undununye,;
coccyx,,igonondo / ithambo lomsila,;
cochlea,,insizakuzwa,;
coli,,okukapopopo,;
collateral,,insizamthambo,;
colli,,okwentamo ,;
colliculus,,igqunyana ebuchosheni,;
colon,,upopopo,;
comitans,,imithanjana eyizimpelesi,;
commissure,,insebenziswanomizwa exhumene,;
concha,,amashalofu ekhala,;
condyle,,ikhanda lethambo edolweni/ikhondayili,;
congenital,,ozelwe nakho,;
conjuctiva,,untwentwesi olwemboza ilihlo/iso,;
conoid,,okumise okwekhoni,;
coracoid,,okumise okwegwababa,;
corium,,isikhumba,;
cornea,,untwentwesi lwenhlamvu yehlo,;
corniculate,,okusaphonjwana,;
cornu,,uphondo,;
corona,,umqhele,;
coronary,,okujikeleza njengomqhele,;
coronoid,,okunjengomqhele,;
corpus,,umzimba,;
corpuscle,,izinhlayiyana zegazi,;
corrugator,,isakhamvingqana,;
cortex,,igobolondo ,;
costa,,ubambo,;
cranium,,ugebhezi,;
cremaster,,isidonsamasende/ isikhuphulamasende,;
cribriform,,okusasisefo,;
cribrosa,,okusasisefo,;
cricoid,,okusandilinga,;
crista,,isiqhova/isihloko/isidlodlo,;
cruciate,,okusasiphambano,;
crus,,umlenze/ isitho,;
crypt,,okufihlekile,;
cubital,,indololwane,;
cuboid,,okufana nekhyubhu,;
cumulus,,ingqumbi,;
cuneate,,ucezu olucijile,;
cuneiform,,okumise okocezu,;
cupola,,isiqhovana,;
cusp,,ikhasphu,;
cutaneous,,okuphathelene nesikhumba,;
cyst,,okuyisikhwanyana,;
1.cyto- ,,1. isiqalo esiphathelene nezicutshana eziphilayo,;
2. -cyte,,2. isijobelelo esiphathelene nezicutshana eziphilayo,;
dartos,,ukuhlinza isikhumba,;
decussation,,insebenziswanomizwa eyimpambano,;
deferens,,intubelezisasidoda,;
deglutition,,ukugwinya,;
dehiscence,,ukuqhuma komthungo,;
dendrite,,imizwa emagatshagatsha,;
dens,,izinyo,;
dentate,,okuqhoshe njengezinyo emzimbeni,;
denticulate,,okuqhoshe sazinywana emzimbeni,;
dentine,,okuphathelene namazinyo,;
dentition,,uhlelomazinyo,;
dermatome,,izingxenyanamizwa zesikhumba,;
dermis,,isikhumba,;
detrusor,,isikhanulisi,;
di-,,isiqalo esisho unxambili/isiqalo sokuhlukaniseke kabili,;
dia-,, isiqalo esikhombisa ukudlula ku-/nge-,;
diaphragm,,untu,;
diastole,,isikhawu sokuvula kwenhliziyo,;
diencephalon,,ubuchopho obuphakathi nendawo,;
digastric,,imisipha yebilo,;
digit,,umunwe/uzwane,;
diploe,, isiponji sogebhezi,;
diplopia,,umbonambili,;
discus,,idiskhi,;
diverticulum,,ikhosomba,;
dorsum,,ingemuva,;
duct,,umgudu ,;
duodenum,,inanzi/ingobo,;
dura mater,,isembozabuchopho (esiwugqinsi),;
dysdiadochokinesia,,ukudiyazela/ukugqwegqwa,;
dysphagia,,ubunzima bokugwinya,;
dysphonia,,ukushwashwatha,;
ecto-,,isiqalo esisho ingaphandle,;
ectoderm,,isikhumba esingaphandle,;
ectopia,,okungekho endaweni efanele,;
efferent,,isibuyisi,;
ejaculatory,,okuphathelene nokuthunda,;
emboliformis,,okusasivimbo,;
embryo,,umbungwana,;
emissary,,umthambosithunywa,;
encephalon,,ubuchopho,;
endo-,,isiqalo esisho ingaphakathi,;
endocrine,,ukuchithela egazini,;
endoderm,,isikhumba esingaphakathi,;
endolymph,, uketshezi olusabisi ngaphakathi kwendlebe,;
endothelium,, uthwethwesi lwangaphakathi emthanjeni,;
ependyma,,ulwelwesiluketshezi  lobuchopho,;
epi-,,isiqalo esisho phezu kwe-/okumboze,;
epidermis,,isikhumba esingaphandle,;
epididymis,,isigcinasidoda esivuthiwe,;
epiglottis,,ugovana,;
epimysium,,isembozamsipha,;
epiphora,,isifo sokukhala izinyembezi,;
epiphysis,,ingxenye yethambo ekhulayo,;
epiploon,,umhlwehlwe,;
epithelium,,isicubu sangaphezulu,;
epoophoron,,okusale esizalweni,;
erigentes (nervi),,imizwa esuka emfunkulwini,;
eruption,,ukuqubuka/uhlevane,;
erythrocyte,,izinhlayiya zegazi ezibomvu,;
ethmoid,,ithambo elisasisefo ,;
eversion,,ukuphendulela ngaphandle,;
evolution,,uguqukosimo,;
extra-,,isiqalo esisho okweqile/okungaphandle/okungaphezu,;
fabella,,igobisadolo,;
falciform,,okusagobela/okusasikela,;
falx,,igobela/isikela,;
fascia ,,ibhandishi,;
fasciculus,,isixha esincane (semizwa),;
fauces,,isikhala emankankeni,;
femur,,ithambo lethanga/ifuphi,;
fenestra ,,iwindi/ifasitela,;
ferruginea,,ukuthomba kwensimbi,;
fetus, foetus,,umbungu,;
fibula,,ithambo lombala elincane/ifibhula,;
filum,,intanjana ,;
fimbria,,okusazinwele okulengayo,;
fissure,,umfantu,;
fistula,,umsele (ongajwayelekile) ,;
flavus, flava flavum,,okuphuzi,;
flexion,,ukugoba/ukugobisa,;
flexure,,imivingqi ekhombisa ukugoba,;
flocculus,,okusansonto ebuchosheni,;
folia,,amacembe/amahlamvu/amaqabunga,;
follicle,,imbulungana,;
fontanelle,,ukhakhayi,;
foramen,,imbotshana,;
forceps,,udlawu,;
form,,umumo,;
fornix,,isikhophoco,;
fovea,,umgojana ethanjeni,;
fossa,,umgodi,;
frenulum,,okusatomu elincane,;
frondiform,,igatsha elimacembecembe,;
frontal,,okungaphambili,;
fundus,,umbhekambobo/ifundasi,;
fungiform,,okumise okwekhowe,;
furcula,,ithambo elisamfologwana,;
fusiform,,okumise okomsipha,;
fusion,,inhlanganisela/ingxube,;
galea,,isidonsazinhlozi,;
galli,,ugedla,;
ganglion,,ifindo lemizwa,;
gastric-,,okuphathelene nesisu,;
gastro-,,isiqalo esisho okuphuma esiswini,;
gastrocnemius,,isihluzu  ,;
gelatinosa,,okunqumile/okubikizelayo,;
gemellus,,okungakubili,;
gen-,,isijobelelo sokuphathelene nenzalo,;
geniculum,,idolo eliselincane/idodlwana,;
genio-,,isiqalo sokuphathelene nesilevu,;
genitalia,,izitho zenzalo,;
genu,,idolo,;
germinativum,,ukuqhuma kwembewu,;
gingiva ,,okwezinsini,;
gladiolus,,okusankemba (encane),;
glans,,inkanda/ikhingqi,;
glenoid,,isikhoxo,;
glia,,isijobelelo sokuphathelene nenomfi/nenamathela ,;
globosus,,okuyimbulunga,;
globus,,ubumbulunga,;
glomerulus,,imbulungana,;
glomus,,inkatha yentambo/imbulunga,;
glossus,,ulimi,;
glottis,,umlomo womphimbo,;
gluteus,,izinqe,;
glycogen,,umkhiqizo wokuwuswidi,;
goiter,,ukuvuvukala kwezindlala zegilo,;
gonad,,isikhiqizambewu,;
gracile, gracilis,,okondile/okuzacile,;
granulosum,,uhlamvana,;
griseum,,okumpunga,;
gustatory,,ukunambitha,;
gyrus,,amazombezombe obuchopho,;
habenula,,ibhenula,;
haemopoiesis,,ukwakheka kwegazi,;
haemorrhoid,,umhlume/imizoko,;
hallux,,uqukula /ubhozo,;
hamate,,okusahhuku,;
hamulus,,ihhukwana,;
haustrum,,isidonsamanzi,;
helicotrema,,insongelekamgodi,;
hemiplegia,,unhlangothi,;
hepatic,,okuphathelene nesibindi,;
hernia,,isiputshukane,;
herpes,,amashashazi,;
hetero-,,isiqalo esisho okunye /nokwehlukile ,;
hiatus,,imbobo enkulu,;
hippocampus,,isilawulamizwelo (esisebuchosheni),;
histiocyte,,isicutshana esiyisosha,;
histology,,ukufunda ngezicubu,;
hilum,,intuba ,;
homo,,umuntu,;
homo-,,isiqalo esiphathelene nokufanayo/nokukodwa,;
homologous,,okuhambisanayo,;
hormone,,isigqa,;
humerus,,ithambo lomkhono,;
humour,,uketshezi lweso/uketshezi oluwumakhanyangale ,;
hyaline,,uqwanga olungenambala,;
hyaloid,,okuwumakhanyangale,;
hydro-,,isiqalo esiphathelene namanzi,;
hymen,,iso/ihlo,;
hyoid,,okumise okuka-u (entanyeni),;
hyper,,isiqalo esiphathelene nokweqile/nokwedlulele,;
hypo-,,isiqalo esiphathelene nokungaphansi,;
hypochordal,,okungaphambi komfunkulu,;
hypophysis,,indlala ngaphansi kobuchopho (pituitary),;
hypothenar,,umsiphakulawula kucikicane,;
ileum,, 1. amalulu 2. ingezansi  lamathumbu amancane,;
iliac,,inqulu,;
ilium,,ithebe/ithambo lenqulu,;
ima,,okungezansi,;
impar,,okuhamba kodwa,;
incisor,, izinyo lokuluma / lokusika,;
incisurea,,umsikeko,;
incus,,isikhando/ikhandela,;
index,,unkomba,;
indicis,,okusuka kunkomba,;
indusium,,untwentwesi lwangaphansi,;
infarct,,ukufa kwesicubu,;
infra-,,isiqalo esiphathelene nengaphansi,;
infundibulum,,okumise okwefanela,;
inguinal,,imbilapho,;
innominate,,okungenagama,;
insula,,isiqhingi/okusithekile,;
internuncial,,isedlulisimizwa,;
intimus,,okujulile,;
intra-,,isiqalo esiphathelene nengaphakathi,;
introitus,,umngenasikhaleni,;
inversion,,ukuphendulela ngaphakathi,;
iris,,isiyingi seso,;
ischium,,ingxenye yenqulu,;
it is,,isijobelelo sokuphathelene nokuvuvuka,;
jejenum,,ijeje/ithumbu elincane elimaphakathi,;
jugular,,umthovothi,;
jugum,,okumise okwejoka,;
juxta-,,isiqalo esiphathelene nokuncikene/nokusondelene,;
keratin,,isakhaphondo/ikherathini,;
labium,,udebe/ilebe,;
labrum,,okumise okodebe,;
labyrinth,,inkimbinkimbi,;
lacerum,,inxeba / ukusikeka okungaqondile/ukudabuka,;
lacrima,,unyembezi,;
lactation,,ukukhiqizwa kobisi,;
lacteal,,okusabisi,;
lacuna,,isikhala,;
lacus,,ichibi ,;
lambda,,inhlanganagebhezi engemuva,;
lamella,,okusapuletana/ugqinsana,;
lamina,,okusapuleti/ugqinsi,;
lanugo,,amayoywana,;
larynx,,igilo,;
lata,,ububanzi,;
lateral,,okusemaceleni,;
latissimus,,ububanzikazi,;
lemniscus,,okusamucu,;
lentiform,,okusamumo welentili,;
leucocyte,,izinhlayiya zegazi ezimhlophe,;
levator,,isiphakamisi,;
lienal, lieno,,ubende,;
limbic,,okwengxenye esekujuleni kobuchopho,;
limitans,,umngcele,;
lingua,,okuphathelene nolimi,;
lingual,,ulinyana,;
locus,,indawo,;
logy,,isijobelelo esiphathelene nolwazi,;
longissimus,,okude kakhulu,;
longus,,okude,;
lucidum,,okukhanyayo/okucwebile ,;
lumbar,,idanda,;
lumbrical,,okusamsunjwana,;
lunate,, okumise okocezu lwenyanga,;
lutea,,okuphuzi,;
lymph,,uketshezi olusabisi,;
macro,,okukhulu,;
macula,,ichashazi/ichashaza,;
magna,,okukhulukazi,;
malleolus,,okusasandwana,;
malleus,,okusasando   ,;
mammillaria,,okusabele,;
mamma,,ibele,;
mandible,,umhlathi ongezansi,;
manubrium,,okusahawu,;
manus,,isandla,;
masseter,,umsipha womhlathi wangezansi,;
mastication,,ukuhlafuna,;
mastoid,,ithambo elisabele,;
matrix,,ingxenye ethambile yethambo,;
maxilla,,umhlathi ongaphezulu,;
maximus, maximum,,okukhulu kakhulu,;
meatus,,okusamhubhe,;
medial,,umugqa omaphakathi,;
median,,okuphakathi,;
mediastinum,,okume maphakathi ,;
medius,,iphakathi nendawo,;
medulla,,ingaphakathi/umnkantsha/umnyombo,;
meiosis,,indabulakane,;
melanin,,okufiphazayo/okwenzamnyama,;
meninges,,untwentwesi lobuchopho,;
meniscus,,uqwanga olusanyanga/iminiskasi,;
mental,,1isilevu   bz. 2. okwengqondo   sch.,;
meralgia,,ubuhlungu obusethangeni,;
mesenchyme,,izicubu zombungu,;
mesentery,,isibambamathumbu,;
meso-,,isiqalo esiphathelene nokumaphakathi,;
meta-,,isiqalo esiphathelene nesimo sokuguquka,;
metanephrogenic,,isimokuguquka sokugcina sezinso,;
metopic,,isiphongo,;
micro-,,isiqalo esiphathelene nokuncane kakhulu  ,;
micturition,,ukuchama/ukushobinga/ukuthunda,;
minimus,, okuncane kakhulu,;
mitosis,,indabulakabili,;
modiolus,,indawo emaphakathi,;
molar,,ibamba,;
morphology,,isifundo sesimosakhiwo,;
morula,,ihlulwana ,;
motor,,okunyakazisayo,;
multifidus,,inhlukanakaningi,;
myelo-,,isiqalo esiphathelene nokusamnkantsha,;
myenteric,,umsipha wethumbu,;
mylo-,,isiqalo esiphathelene nomhlathi wangezansi,;
myo-,,isiqalo esiphathelene nomsipha,;
myotome,,izingxenyemizwa zemisipha,;
nares,,izimbobo zekhala,;
navicular,,okusasikebhe,;
neo-,,isiqalo esiphathelene nokusha,;
neonatus,,usana ,;
neopallium,,igobolondo elisha,;
nephron ,,isakhamchamo,;
neurilemma,,isembozamizwa,;
neurobiotaxis,,ukuhleleka nempilo kwemizwa ,;
neuroglia,,isinamathelisimizwa,;
neuron,,umuzwa,;
nigra,,okumnyama,;
node,,ifindo,;
nodule,,ifinjwana,;
notochord,,isandulelamgogodla,;
nuchae,,isijungujungu,;
nucleus,,umongo,;
nystagmus,,ukuyaluza okungalawuleki kwamehlo,;
obturator,,okokugcika/okokuvala imbobo,;
occiput,,isiphundu,;
oculomotor,,isinyakazisahlo/ isinyakazisaso,;
oculus,,ilihlo/iso,;
odontoblast,,imbewu yezinyo,;
oedema,,ukudumba/ukuvuvukala,;
oesophagus,,umminzo,;
oid,,isijobelelo esiphathele nokufanisa /nomumo,;
olecranon,,ivi lendololwane,;
olfaction,,ukuhogela,;
omentum,,umhlwehlwe,;
omo-,,isiqalo esiphathelene nehlombe,;
ontogeny,,ukukhula kombungu,;
oocyte,,ingqalaqanda,;
operculum,,isivalo/ isivimbo / isembozo,;
ophthalmoscope,,isipopolo samehlo,;
opponens,,okuphikisana na-,;
optic,,okuphathelene nokubona,;
ora,,unqenqema/umphetho,;
oral,,okomlomo,;
orbicular,,okuzungezayo,;
orbit,,umgudunzungezo,;
os, oris,,imbobo,;
os, ossis,,ithambo  ,;
osis,,isijobelelo esiphathelene nesimo ,;
ossification,,ukuqina kwamathambo/ukwakheka kwamathambo,;
osteoblast,,isiqalisamathambo,;
osteoclast,,isiwohlozimathambo,;
osteocyte,,isicutshana sethambo,;
osteology,,isifundo ngamathambo,;
ostium,,imbobo,;
otic,,okwendlebe/okuphathelene nendlebe,;
otolith,,itshana lendlebe,;
otoscope,,isipopolo sendlebe,;
ovum,,iqanda  ,;
oxyntic,,okwesimuncwana,;
palaeo-,,okudala,;
palate,,ulwanga,;
palpebra,,ijwabu leso,;
pampiniform,,imithambo eyintandela,;
pancreas,,amanyikwe,;
panniculus,,umsweswana,;
papilla,,okusangono,;
para-,,isiqalo esiphathelene nokuseduzane /nokuncikile ,;
paradidymis,,okuncikene nesende,;
paralysis,,ukuphelelwa amandla ,;
paraplegia,,ukuphelelwa amandla emilenzeni/,;
,,ukukhubazeka kwesingezansi,;
parenchyma,,izicubu sezitho zomzimba,;
parietal,,untwentwesi lwengoxi ,;
paroophoron,,okuncikene nenzalo/ukwakheka kweqanda,;
parotid,,okuseduze nendlebe,;
patella,,i(li)vi,;
pecten,,ikama,;
pectinate,,okumise okwekama,;
pectineal,,okwesibumbu,;
pectineus,,umsipha wethambo lesibumbu,;
pectiniform,,okumise okwekama/okusaphaphe,;
pectoral,,okuphathelene nesifuba,;
peduncle,,isiqu,;
pellucidum,,okuluvindi,;
pelvis ,,amanyonga,;
penis,,umthondo/umphambili,;
pennate,,okumise okophaphe,;
peri-,,isiqalo sokuzungeza/sokuzungezile,;
perilymph,,uketshezi  lwendlebe,;
perineum,,ipheriniyamu,;
periodontal,,inzungezazinyo,;
peripheral,,emaphethelweni omzimba/emaphethelweni esakhiwo ,;
peristalsis,, ukuhamba kokudla,;
peritoneum,,untwentwesi lwenxasisu,;
peroneal,,okuphathelene  nethambo elincane  lombala,;
pes, pedis,,okuphathelene nonyawo,;
petrosal,,okuphathelene nokuqina ,;
petrous,,okusatshe,;
phaeo,,okunsunjwana/okumthuqasi,;
phagocyte,,isidlamagciwane/isidlazicutshana,;
phalanx,,ilunga lomunwe,;
phallus,,ingqalabulili/inhlumabulili,;
pharynx,,umphimbo,;
philtrum,,ugadasi/ikhothwa,;
phlebitis,,ukuvuvukala komthambo,;
phonation,,ukukhipha umsindo,;
photopic,,okokukhanya,;
phrenic,,okontu,;
phylogeny,,isigubobuhlanga,;
pia mater,,untwentwesi oluncikene nobuchopho,;
piles,,umhlume/ imizoko,;
pilomotor,,isishwaqisazinwele,;
pineal,,okusakhoni kaphayini,;
piriform,,okumise okwegonandoda,;
pituitary,,indlala engaphansi kobuchopho obungaphambili,;
placenta,,umzanyana,;
placode,,okuyisicaba/okubanzi,;
plantar,, amathe onyawo,;
platysma,,imilala,;
pleomorphic,,umumoningi,;
pleura,,untwentwesi lwesifuba,;
plexus,,amaxaka/amaxakela,;
plica,,imivingqi,;
pneumon-,,okuphathelene nephaphu,;
pollex,,okuhambisana nesithupha/ okusuka esithupheni,;
pollicis,,okuhambisana nesithupha/ okuya esithupheni,;
poly-,,isiqalo esokuphathelene nokuningi,;
polymorphonuclear,,umongo omumoningi,;
pons,,isiqu sobuchopho,;
popliteus,,umfasankomo,;
porta,,indawo yokungena/intuba,;
post-,,isiqalo esiphathelene nemuva/nokulandelayo,;
pre-,,isiqalo esiphathelene nokuphambilini/ngaphambi,;
prepuce,,ijwabu,;
pretrematic,,ngaphambi kwesikhala,;
primus,prima,primum,,okokuqala,;
princeps,,okuyinhloko/-ngqangi,;
procerus,,inhlambombo (umsipha),;
proctitis,,ukuvuvuka komtshazo,;
proctodaeum,,ingquza/umdidi,;
profundus,,umsipha osekujuleni,;
proligerous,,ukuzala/ukubeletha,;
prominens,,okuqhubushile,;
pronation,, ukubhekisa phansi,;
pronephros,,inkulanso ,;
proprioceptive,,okwesiqondamkhathi,;
prostate,,indlala yenzalo,;
pseudo-,,isiqalo esiphathelene nobumbumbulu/nemfihlasimo,;
psoas,,umsipha wedanda,;
pterion,,iphiko,;
pterygoid,,okumise okwephiko,;
ptosis,,intoba/ukugeba,;
pubis,,ithambo lesibumbu,;
pudendal,,okuyisa ezithweni  zangasese/,;
,,okuthumela ezithweni zangasese,;
pulmonary,,okuphathelene nephaphu,;
pulposus,,okusalubindiza,;
pulvinar,,okusakhushini/okusasigqiki,;
punctum,,iqhubumbobo,;
pupil,,inhlamvu yeso,;
putamen,,igobolondo,;
pyelogram,,isigqamisanso,;
pyknotic,,isimo kuminyana,;
pylorus,,inanzi,;
quadrangular,,okumachophomane ,;
quadrate,,umacalamane,;
quadriceps,,umsiphamine,;
quadrigemina,,iqhumakane,;
quinti,,okwesihlanu,;
radicular,,impande,;
radius,,ithanjana elingaphandle lengalo,;
ramus,,igatsha,;
ranine,,okusaxoxo /okusaselesele,;
raphe,,umphetho,;
receptaculum,,isiqukathimanzi/isigcinimanzi,;
a) rectus ,,a) okuqondile   ,;
b) rectum,,b)umtshazo,;
recurrent,,impindamumva,;
renal,,okuphathelene nezinso,;
renule,,okusanswana,;
restiform,,insontela,;
rete,,okusanethi/okusaneshana,;
reticular,,okusashana,;
retina ,,okusanethi esweni/irethina,;
retinaculum,,okusabhanjana ,;
retro-,,isiqalo esiphathelene nokungemuva kokunye,;
rhinencephalon,,ubuchopho benzwa yokuhogela,;
rhomboid,,okumise okwerombasi,;
rima,,umfantu,;
risorius,,umsiphakuhleka/irizoriyasi,;
rostrum,,unoqhwaku/uqhwaku,;
rotundum,,indilinga ,;
rubro-,,isiqalo esiphathelene nokubomvu,;
rugose,,okushwabene/okusamibimbi,;
sacciform,,okumise okwesaka,;
saccule,,isakana,;
sacrum,,ihoho,;
sagittal,,1.okuphathelene nokuklaywa 2. okuphathelene nokucazwa,;
salpinx,,ishubhu,;
saphenous,,okusobala,;
sartorius,,umsiphasingwegwe ,;
scala,,umhubhe omasongosongo,;
scalene,,unxantathu onamacala angalingene,;
scaphoid,,okumise okwesikejana,;
scapula,,isiphanga,;
sciatic,,okuphathelene nenqulu /okwenqulu,;
sclera,,isembozaso esiqinile,;
sclerotome,,isisikazicubu/isiklerethomi,;
scoliosis,,isigwegwamgogodla,;
scotopic,,ukuphazamiseka kokubona,;
scrotum,,isikhwama samasende,;
sebaceous,,okuphathelene nokukhiqizwa kwamafutha,;
sella turcica,,ithambosihlalo sehhashi sasethekhi,;
semilunar,,inyangacezu,;
seminiferous,,okuphathelene nesithwalambewu ,;
serum,,uhluzi,;
serratus,,okumazengezenge,;
sesamoid,,okumise okwembewana,;
sigmoid,,okumise okuka-s,;
singulare,,okungakodwana,;
sinus,,isayinasi ,;
soleus,,umsipha wesihluzi isoliyusi,;
solitarius,,okungakodwana,;
somatic,,ingaphandle lomzimba,;
somatopleure,,untwentwesi lwesifuba sombungwana,;
somite,,ingxenye yomzimba,;
spermatocyte,,isicutshana sesidoda/inhlayiya yesidoda,;
spermatogenesis,,ukukhiqizwa kwesidoda,;
spermatogonium,,isikhiqizasidoda,;
spermatozoon,,isidoda ,;
sphenoid,,okumise okocezu olucijile,;
sphincter,,uvulavale,;
spine,,umgogodla,;
splanchnic,,izibilini,;
splancnopleure,,isembozo sezibilini /untwentwesi lwenxasisu yombungwana,;
spleen,,ubende,;
splenius,,imisipha esabhandishi,;
splenium,,okusabhandishi,;
splenule,,ubenjana,;
spondylolisthesis,,ukugudluka kwamathambo omgogodla,;
spongiosum,,okusasiponji,;
spurium,,isinga/isingasimo,;
squamous,,okuyisicaba    ,;
stapedius,,umsiphasitibili,;
stapes,,isitibili,;
stellate,,okusankanyezi,;
stereognosis,,isimokuqonda/ umuzwakuqonda,;
sternebra,,izingxenyana zikangiklane,;
sternum,,ungiklane,;
stoma,,umlomo,;
stomodeaum,,umlomo wombungu,;
stratum ,,ugqinsi lwezicutshana/lwezinhlayinhlayiya,;
stria,,iminyama,;
stroma,,isihlanganisizicutshana/isihlanganisizinhlayiya,;
styloid,,okusamcijo/okusancijo,;
sub-,,isiqalo esiphathelene nokungaphansi/ okungenzansi,;
subclavian,,ngaphansi kwenqwababa,;
subiculum,,okuphasile/okusekele,;
sublimis,,okungaphezulu,;
sudomotor,,imbangamjuluko/iphehlamjuluko,;
sulcus,,umsele/isikhoxo,;
supination,, ukubhekisa phezulu,;
supra-,,isiqalo esiphathelene nengaphezulu ,;
suprarenal,,ngaphezu kwenso,;
sural,,isihluzu  ,;
sustentaculum,,ukuphasa/ukuseka,;
suture,,okusamthungo emzimbeni,;
symphysis,,uqwangana lokwangandawonye,;
synapse,,isixhumanisamizwa,;
syncytium,,izicutshana ezihlangene/ izinhlayiya ezihlangene,;
syndrome,,ingxubezimpawu,;
synergic,,okusebenzisanayo,;
synovial,,okusaketshezi emalangeni/okusajengezi emalungeni,;
syringomyelia,,izimbobozomfunkulu,;
syrinx,,ipayipi,;
systole,,ukuvala kwenhliziyo,;
tactile,,okuphathelene nokuthinta,;
taenia,,ibhande ,;
talus,,ithambo leqakala ithalasi,;
tapetum,,isembozo esiyizicutshana/ esiyizinhlayiya,;
tarsus,,1. ijwabu leso 2. uqakala/isiqakala,;
tectorial,,isembozo,;
tectum,,okusaluphahla,;
tegmentum,,okwemboziwe,;
tela,,ubulwembu/ulwembu,;
tele-,,isiqalo esiphathelene nokukude,;
temporal,,okwenhlamfuno,;
tendon,,umsiphasinyakazisimathambo,;
tentorium,,ithende,;
teres,,okude,;
tertius,,okwesithathu,;
testicle,,okwamasende,;
testis,,inhlamvu yesende,;
tetra-,,isiqalo esiphathelene nokuhamba ngakune,;
tetralogy,,inhlanganisela yokune,;
thalamus,,isidlulisamizwa,;
theca,,ugqinsi lwezicutshana,;
thenar,,okuphathelene nesithupha/okwesithupha,;
thorax,,isifuba ,;
thrombus,,ihlule,;
thymus,,isikhiqizi zivikelamzimba,;
thyroid gland,,isikhiqiziziqa zokukhula,;
tibia,,ithambo lombala,;
tonsil,,indlala ithansela,;
torticollis,,itshekantamo,;
torus,,iqhubu,;
trabecula,,impicano/okuphicene,;
trachea,,uqhoqhoqho,;
trans-,,isiqalo esiphathelene nokungaphesheya(kwe),;
trapezoid,,ithraphezoyidi,;
triceps,,imisiphantathu,;
trigeminal,,okuthathu kwesiqusinye,;
trigone,,unxantathu,;
triquetral,,okumakhonantathu,;
trochanter,,ichopho lefuphi/ichopho lethambo lethanga,;
trochlea,,1. isidonsi 2.ithambo ithrokhiliya,;
trophoblast,,isinikampilo sombungu,;
tuber,,isigaxa,;
tubercle,,isigaxana,;
tuberosity,,ubugaxaka,;
turbinate,,izingoxi zekhala,;
tympanum,,isidlulisamsindo,;
ulna,,ithambo elimaphakathi lengalo,;
umbilicus,,inkaba,;
umbo,,i-ambo/okusasigqoko,;
uncinate,,okusangobela,;
uncus,,ingobela ,;
urachus,,isinye sombungu,;
ureter,,umgudu womchamo,;
urethra,,isikhiphamchamo,;
uterus,,isizalo / isibeletho,;
utricle,,okusasikhwanyana,;
uveal ,,okwe-uviya,;
uvula,,ugovane,;
vagina,,inhlunu ,;
vagus,,uguduza,;
valgus,,upete,;
varus,,amagwegwe,;
vallate,,ivalethi/iwathanga,;
vallecula,,okusaliwathanga/okusangoxi,;
varicocele,,umthambo oqumbile/osuvulekile,;
vas,,umgudu,;
vas deferens,,umgudu oyintubelezisasidoda,;
velum,,untwentwesi(olulula),;
ventricle,,isikhala esithweni somzimba,;
vermiform,,okusasikelemu /okusamsundu,;
vermis,,isikelemu/umsundu,;
vertebra,,ithambo lomgogodla,;
verumontanum,,iqhutshana endlaleni yenzalo (yabesilisa),;
vesica,,isinye,;
vesicle,,ibhamuzana/isinyana,;
vestibule,,isikhala,;
vibrissa,,inzwaboya,;
villus,,okwezibilini/okusaboya,;
vincula,,isibopho,;
visceral,,okontwentwesi oluncikene nesicubu,;
visceroptosis,,isifo sokwehla kwezibilini,;
viscus,,izibilini,;
vital,,okwempilo,;
vitelline,,okusasikhupha,;
vitreous,,umkhanyangale/okusangilazi,;
vocal,,okwephimbo,;
vomer,,ubombo,;
vorticose,,okusasiyalu/okusasiphethu,;
vulva,,igolo,;
xiphisternum,,uvalo,;
xiphoid,,okumise okwenkemba,;
zygoma,,isiqhoma,;
